{
    "A": 62.699739242018275,
    "B": -0.0006735027970270629,
    "C": 0.564385170675513
}