{
    "A":1356.3917381685665,
    "B":-0.001513797957667387,
    "C":0.7455305776572803
}